"date_id","year","quarter","month","week","day","day_name","month_name","is_weekend"
2016-09-04,2016,3,9,35,4,Sunday   ,September,true
2016-09-05,2016,3,9,36,5,Monday   ,September,false
2016-09-06,2016,3,9,36,6,Tuesday  ,September,false
2016-09-07,2016,3,9,36,7,Wednesday,September,false
2016-09-08,2016,3,9,36,8,Thursday ,September,false
2016-09-09,2016,3,9,36,9,Friday   ,September,false
2016-09-10,2016,3,9,36,10,Saturday ,September,true
2016-09-11,2016,3,9,36,11,Sunday   ,September,true
2016-09-12,2016,3,9,37,12,Monday   ,September,false
2016-09-13,2016,3,9,37,13,Tuesday  ,September,false
2016-09-14,2016,3,9,37,14,Wednesday,September,false
2016-09-15,2016,3,9,37,15,Thursday ,September,false
2016-09-16,2016,3,9,37,16,Friday   ,September,false
2016-09-17,2016,3,9,37,17,Saturday ,September,true
2016-09-18,2016,3,9,37,18,Sunday   ,September,true
2016-09-19,2016,3,9,38,19,Monday   ,September,false
2016-09-20,2016,3,9,38,20,Tuesday  ,September,false
2016-09-21,2016,3,9,38,21,Wednesday,September,false
2016-09-22,2016,3,9,38,22,Thursday ,September,false
2016-09-23,2016,3,9,38,23,Friday   ,September,false
2016-09-24,2016,3,9,38,24,Saturday ,September,true
2016-09-25,2016,3,9,38,25,Sunday   ,September,true
2016-09-26,2016,3,9,39,26,Monday   ,September,false
2016-09-27,2016,3,9,39,27,Tuesday  ,September,false
2016-09-28,2016,3,9,39,28,Wednesday,September,false
2016-09-29,2016,3,9,39,29,Thursday ,September,false
2016-09-30,2016,3,9,39,30,Friday   ,September,false
2016-10-01,2016,4,10,39,1,Saturday ,October  ,true
2016-10-02,2016,4,10,39,2,Sunday   ,October  ,true
2016-10-03,2016,4,10,40,3,Monday   ,October  ,false
2016-10-04,2016,4,10,40,4,Tuesday  ,October  ,false
2016-10-05,2016,4,10,40,5,Wednesday,October  ,false
2016-10-06,2016,4,10,40,6,Thursday ,October  ,false
2016-10-07,2016,4,10,40,7,Friday   ,October  ,false
2016-10-08,2016,4,10,40,8,Saturday ,October  ,true
2016-10-09,2016,4,10,40,9,Sunday   ,October  ,true
2016-10-10,2016,4,10,41,10,Monday   ,October  ,false
2016-10-11,2016,4,10,41,11,Tuesday  ,October  ,false
2016-10-12,2016,4,10,41,12,Wednesday,October  ,false
2016-10-13,2016,4,10,41,13,Thursday ,October  ,false
2016-10-14,2016,4,10,41,14,Friday   ,October  ,false
2016-10-15,2016,4,10,41,15,Saturday ,October  ,true
2016-10-16,2016,4,10,41,16,Sunday   ,October  ,true
2016-10-17,2016,4,10,42,17,Monday   ,October  ,false
2016-10-18,2016,4,10,42,18,Tuesday  ,October  ,false
2016-10-19,2016,4,10,42,19,Wednesday,October  ,false
2016-10-20,2016,4,10,42,20,Thursday ,October  ,false
2016-10-21,2016,4,10,42,21,Friday   ,October  ,false
2016-10-22,2016,4,10,42,22,Saturday ,October  ,true
2016-10-23,2016,4,10,42,23,Sunday   ,October  ,true
2016-10-24,2016,4,10,43,24,Monday   ,October  ,false
2016-10-25,2016,4,10,43,25,Tuesday  ,October  ,false
2016-10-26,2016,4,10,43,26,Wednesday,October  ,false
2016-10-27,2016,4,10,43,27,Thursday ,October  ,false
2016-10-28,2016,4,10,43,28,Friday   ,October  ,false
2016-10-29,2016,4,10,43,29,Saturday ,October  ,true
2016-10-30,2016,4,10,43,30,Sunday   ,October  ,true
2016-10-31,2016,4,10,44,31,Monday   ,October  ,false
2016-11-01,2016,4,11,44,1,Tuesday  ,November ,false
2016-11-02,2016,4,11,44,2,Wednesday,November ,false
2016-11-03,2016,4,11,44,3,Thursday ,November ,false
2016-11-04,2016,4,11,44,4,Friday   ,November ,false
2016-11-05,2016,4,11,44,5,Saturday ,November ,true
2016-11-06,2016,4,11,44,6,Sunday   ,November ,true
2016-11-07,2016,4,11,45,7,Monday   ,November ,false
2016-11-08,2016,4,11,45,8,Tuesday  ,November ,false
2016-11-09,2016,4,11,45,9,Wednesday,November ,false
2016-11-10,2016,4,11,45,10,Thursday ,November ,false
2016-11-11,2016,4,11,45,11,Friday   ,November ,false
2016-11-12,2016,4,11,45,12,Saturday ,November ,true
2016-11-13,2016,4,11,45,13,Sunday   ,November ,true
2016-11-14,2016,4,11,46,14,Monday   ,November ,false
2016-11-15,2016,4,11,46,15,Tuesday  ,November ,false
2016-11-16,2016,4,11,46,16,Wednesday,November ,false
2016-11-17,2016,4,11,46,17,Thursday ,November ,false
2016-11-18,2016,4,11,46,18,Friday   ,November ,false
2016-11-19,2016,4,11,46,19,Saturday ,November ,true
2016-11-20,2016,4,11,46,20,Sunday   ,November ,true
2016-11-21,2016,4,11,47,21,Monday   ,November ,false
2016-11-22,2016,4,11,47,22,Tuesday  ,November ,false
2016-11-23,2016,4,11,47,23,Wednesday,November ,false
2016-11-24,2016,4,11,47,24,Thursday ,November ,false
2016-11-25,2016,4,11,47,25,Friday   ,November ,false
2016-11-26,2016,4,11,47,26,Saturday ,November ,true
2016-11-27,2016,4,11,47,27,Sunday   ,November ,true
2016-11-28,2016,4,11,48,28,Monday   ,November ,false
2016-11-29,2016,4,11,48,29,Tuesday  ,November ,false
2016-11-30,2016,4,11,48,30,Wednesday,November ,false
2016-12-01,2016,4,12,48,1,Thursday ,December ,false
2016-12-02,2016,4,12,48,2,Friday   ,December ,false
2016-12-03,2016,4,12,48,3,Saturday ,December ,true
2016-12-04,2016,4,12,48,4,Sunday   ,December ,true
2016-12-05,2016,4,12,49,5,Monday   ,December ,false
2016-12-06,2016,4,12,49,6,Tuesday  ,December ,false
2016-12-07,2016,4,12,49,7,Wednesday,December ,false
2016-12-08,2016,4,12,49,8,Thursday ,December ,false
2016-12-09,2016,4,12,49,9,Friday   ,December ,false
2016-12-10,2016,4,12,49,10,Saturday ,December ,true
2016-12-11,2016,4,12,49,11,Sunday   ,December ,true
2016-12-12,2016,4,12,50,12,Monday   ,December ,false
2016-12-13,2016,4,12,50,13,Tuesday  ,December ,false
2016-12-14,2016,4,12,50,14,Wednesday,December ,false
2016-12-15,2016,4,12,50,15,Thursday ,December ,false
2016-12-16,2016,4,12,50,16,Friday   ,December ,false
2016-12-17,2016,4,12,50,17,Saturday ,December ,true
2016-12-18,2016,4,12,50,18,Sunday   ,December ,true
2016-12-19,2016,4,12,51,19,Monday   ,December ,false
2016-12-20,2016,4,12,51,20,Tuesday  ,December ,false
2016-12-21,2016,4,12,51,21,Wednesday,December ,false
2016-12-22,2016,4,12,51,22,Thursday ,December ,false
2016-12-23,2016,4,12,51,23,Friday   ,December ,false
2016-12-24,2016,4,12,51,24,Saturday ,December ,true
2016-12-25,2016,4,12,51,25,Sunday   ,December ,true
2016-12-26,2016,4,12,52,26,Monday   ,December ,false
2016-12-27,2016,4,12,52,27,Tuesday  ,December ,false
2016-12-28,2016,4,12,52,28,Wednesday,December ,false
2016-12-29,2016,4,12,52,29,Thursday ,December ,false
2016-12-30,2016,4,12,52,30,Friday   ,December ,false
2016-12-31,2016,4,12,52,31,Saturday ,December ,true
2017-01-01,2017,1,1,52,1,Sunday   ,January  ,true
2017-01-02,2017,1,1,1,2,Monday   ,January  ,false
2017-01-03,2017,1,1,1,3,Tuesday  ,January  ,false
2017-01-04,2017,1,1,1,4,Wednesday,January  ,false
2017-01-05,2017,1,1,1,5,Thursday ,January  ,false
2017-01-06,2017,1,1,1,6,Friday   ,January  ,false
2017-01-07,2017,1,1,1,7,Saturday ,January  ,true
2017-01-08,2017,1,1,1,8,Sunday   ,January  ,true
2017-01-09,2017,1,1,2,9,Monday   ,January  ,false
2017-01-10,2017,1,1,2,10,Tuesday  ,January  ,false
2017-01-11,2017,1,1,2,11,Wednesday,January  ,false
2017-01-12,2017,1,1,2,12,Thursday ,January  ,false
2017-01-13,2017,1,1,2,13,Friday   ,January  ,false
2017-01-14,2017,1,1,2,14,Saturday ,January  ,true
2017-01-15,2017,1,1,2,15,Sunday   ,January  ,true
2017-01-16,2017,1,1,3,16,Monday   ,January  ,false
2017-01-17,2017,1,1,3,17,Tuesday  ,January  ,false
2017-01-18,2017,1,1,3,18,Wednesday,January  ,false
2017-01-19,2017,1,1,3,19,Thursday ,January  ,false
2017-01-20,2017,1,1,3,20,Friday   ,January  ,false
2017-01-21,2017,1,1,3,21,Saturday ,January  ,true
2017-01-22,2017,1,1,3,22,Sunday   ,January  ,true
2017-01-23,2017,1,1,4,23,Monday   ,January  ,false
2017-01-24,2017,1,1,4,24,Tuesday  ,January  ,false
2017-01-25,2017,1,1,4,25,Wednesday,January  ,false
2017-01-26,2017,1,1,4,26,Thursday ,January  ,false
2017-01-27,2017,1,1,4,27,Friday   ,January  ,false
2017-01-28,2017,1,1,4,28,Saturday ,January  ,true
2017-01-29,2017,1,1,4,29,Sunday   ,January  ,true
2017-01-30,2017,1,1,5,30,Monday   ,January  ,false
2017-01-31,2017,1,1,5,31,Tuesday  ,January  ,false
2017-02-01,2017,1,2,5,1,Wednesday,February ,false
2017-02-02,2017,1,2,5,2,Thursday ,February ,false
2017-02-03,2017,1,2,5,3,Friday   ,February ,false
2017-02-04,2017,1,2,5,4,Saturday ,February ,true
2017-02-05,2017,1,2,5,5,Sunday   ,February ,true
2017-02-06,2017,1,2,6,6,Monday   ,February ,false
2017-02-07,2017,1,2,6,7,Tuesday  ,February ,false
2017-02-08,2017,1,2,6,8,Wednesday,February ,false
2017-02-09,2017,1,2,6,9,Thursday ,February ,false
2017-02-10,2017,1,2,6,10,Friday   ,February ,false
2017-02-11,2017,1,2,6,11,Saturday ,February ,true
2017-02-12,2017,1,2,6,12,Sunday   ,February ,true
2017-02-13,2017,1,2,7,13,Monday   ,February ,false
2017-02-14,2017,1,2,7,14,Tuesday  ,February ,false
2017-02-15,2017,1,2,7,15,Wednesday,February ,false
2017-02-16,2017,1,2,7,16,Thursday ,February ,false
2017-02-17,2017,1,2,7,17,Friday   ,February ,false
2017-02-18,2017,1,2,7,18,Saturday ,February ,true
2017-02-19,2017,1,2,7,19,Sunday   ,February ,true
2017-02-20,2017,1,2,8,20,Monday   ,February ,false
2017-02-21,2017,1,2,8,21,Tuesday  ,February ,false
2017-02-22,2017,1,2,8,22,Wednesday,February ,false
2017-02-23,2017,1,2,8,23,Thursday ,February ,false
2017-02-24,2017,1,2,8,24,Friday   ,February ,false
2017-02-25,2017,1,2,8,25,Saturday ,February ,true
2017-02-26,2017,1,2,8,26,Sunday   ,February ,true
2017-02-27,2017,1,2,9,27,Monday   ,February ,false
2017-02-28,2017,1,2,9,28,Tuesday  ,February ,false
2017-03-01,2017,1,3,9,1,Wednesday,March    ,false
2017-03-02,2017,1,3,9,2,Thursday ,March    ,false
2017-03-03,2017,1,3,9,3,Friday   ,March    ,false
2017-03-04,2017,1,3,9,4,Saturday ,March    ,true
2017-03-05,2017,1,3,9,5,Sunday   ,March    ,true
2017-03-06,2017,1,3,10,6,Monday   ,March    ,false
2017-03-07,2017,1,3,10,7,Tuesday  ,March    ,false
2017-03-08,2017,1,3,10,8,Wednesday,March    ,false
2017-03-09,2017,1,3,10,9,Thursday ,March    ,false
2017-03-10,2017,1,3,10,10,Friday   ,March    ,false
2017-03-11,2017,1,3,10,11,Saturday ,March    ,true
2017-03-12,2017,1,3,10,12,Sunday   ,March    ,true
2017-03-13,2017,1,3,11,13,Monday   ,March    ,false
2017-03-14,2017,1,3,11,14,Tuesday  ,March    ,false
2017-03-15,2017,1,3,11,15,Wednesday,March    ,false
2017-03-16,2017,1,3,11,16,Thursday ,March    ,false
2017-03-17,2017,1,3,11,17,Friday   ,March    ,false
2017-03-18,2017,1,3,11,18,Saturday ,March    ,true
2017-03-19,2017,1,3,11,19,Sunday   ,March    ,true
2017-03-20,2017,1,3,12,20,Monday   ,March    ,false
2017-03-21,2017,1,3,12,21,Tuesday  ,March    ,false
2017-03-22,2017,1,3,12,22,Wednesday,March    ,false
2017-03-23,2017,1,3,12,23,Thursday ,March    ,false
2017-03-24,2017,1,3,12,24,Friday   ,March    ,false
2017-03-25,2017,1,3,12,25,Saturday ,March    ,true
2017-03-26,2017,1,3,12,26,Sunday   ,March    ,true
2017-03-27,2017,1,3,13,27,Monday   ,March    ,false
2017-03-28,2017,1,3,13,28,Tuesday  ,March    ,false
2017-03-29,2017,1,3,13,29,Wednesday,March    ,false
2017-03-30,2017,1,3,13,30,Thursday ,March    ,false
2017-03-31,2017,1,3,13,31,Friday   ,March    ,false
2017-04-01,2017,2,4,13,1,Saturday ,April    ,true
2017-04-02,2017,2,4,13,2,Sunday   ,April    ,true
2017-04-03,2017,2,4,14,3,Monday   ,April    ,false
2017-04-04,2017,2,4,14,4,Tuesday  ,April    ,false
2017-04-05,2017,2,4,14,5,Wednesday,April    ,false
2017-04-06,2017,2,4,14,6,Thursday ,April    ,false
2017-04-07,2017,2,4,14,7,Friday   ,April    ,false
2017-04-08,2017,2,4,14,8,Saturday ,April    ,true
2017-04-09,2017,2,4,14,9,Sunday   ,April    ,true
2017-04-10,2017,2,4,15,10,Monday   ,April    ,false
2017-04-11,2017,2,4,15,11,Tuesday  ,April    ,false
2017-04-12,2017,2,4,15,12,Wednesday,April    ,false
2017-04-13,2017,2,4,15,13,Thursday ,April    ,false
2017-04-14,2017,2,4,15,14,Friday   ,April    ,false
2017-04-15,2017,2,4,15,15,Saturday ,April    ,true
2017-04-16,2017,2,4,15,16,Sunday   ,April    ,true
2017-04-17,2017,2,4,16,17,Monday   ,April    ,false
2017-04-18,2017,2,4,16,18,Tuesday  ,April    ,false
2017-04-19,2017,2,4,16,19,Wednesday,April    ,false
2017-04-20,2017,2,4,16,20,Thursday ,April    ,false
2017-04-21,2017,2,4,16,21,Friday   ,April    ,false
2017-04-22,2017,2,4,16,22,Saturday ,April    ,true
2017-04-23,2017,2,4,16,23,Sunday   ,April    ,true
2017-04-24,2017,2,4,17,24,Monday   ,April    ,false
2017-04-25,2017,2,4,17,25,Tuesday  ,April    ,false
2017-04-26,2017,2,4,17,26,Wednesday,April    ,false
2017-04-27,2017,2,4,17,27,Thursday ,April    ,false
2017-04-28,2017,2,4,17,28,Friday   ,April    ,false
2017-04-29,2017,2,4,17,29,Saturday ,April    ,true
2017-04-30,2017,2,4,17,30,Sunday   ,April    ,true
2017-05-01,2017,2,5,18,1,Monday   ,May      ,false
2017-05-02,2017,2,5,18,2,Tuesday  ,May      ,false
2017-05-03,2017,2,5,18,3,Wednesday,May      ,false
2017-05-04,2017,2,5,18,4,Thursday ,May      ,false
2017-05-05,2017,2,5,18,5,Friday   ,May      ,false
2017-05-06,2017,2,5,18,6,Saturday ,May      ,true
2017-05-07,2017,2,5,18,7,Sunday   ,May      ,true
2017-05-08,2017,2,5,19,8,Monday   ,May      ,false
2017-05-09,2017,2,5,19,9,Tuesday  ,May      ,false
2017-05-10,2017,2,5,19,10,Wednesday,May      ,false
2017-05-11,2017,2,5,19,11,Thursday ,May      ,false
2017-05-12,2017,2,5,19,12,Friday   ,May      ,false
2017-05-13,2017,2,5,19,13,Saturday ,May      ,true
2017-05-14,2017,2,5,19,14,Sunday   ,May      ,true
2017-05-15,2017,2,5,20,15,Monday   ,May      ,false
2017-05-16,2017,2,5,20,16,Tuesday  ,May      ,false
2017-05-17,2017,2,5,20,17,Wednesday,May      ,false
2017-05-18,2017,2,5,20,18,Thursday ,May      ,false
2017-05-19,2017,2,5,20,19,Friday   ,May      ,false
2017-05-20,2017,2,5,20,20,Saturday ,May      ,true
2017-05-21,2017,2,5,20,21,Sunday   ,May      ,true
2017-05-22,2017,2,5,21,22,Monday   ,May      ,false
2017-05-23,2017,2,5,21,23,Tuesday  ,May      ,false
2017-05-24,2017,2,5,21,24,Wednesday,May      ,false
2017-05-25,2017,2,5,21,25,Thursday ,May      ,false
2017-05-26,2017,2,5,21,26,Friday   ,May      ,false
2017-05-27,2017,2,5,21,27,Saturday ,May      ,true
2017-05-28,2017,2,5,21,28,Sunday   ,May      ,true
2017-05-29,2017,2,5,22,29,Monday   ,May      ,false
2017-05-30,2017,2,5,22,30,Tuesday  ,May      ,false
2017-05-31,2017,2,5,22,31,Wednesday,May      ,false
2017-06-01,2017,2,6,22,1,Thursday ,June     ,false
2017-06-02,2017,2,6,22,2,Friday   ,June     ,false
2017-06-03,2017,2,6,22,3,Saturday ,June     ,true
2017-06-04,2017,2,6,22,4,Sunday   ,June     ,true
2017-06-05,2017,2,6,23,5,Monday   ,June     ,false
2017-06-06,2017,2,6,23,6,Tuesday  ,June     ,false
2017-06-07,2017,2,6,23,7,Wednesday,June     ,false
2017-06-08,2017,2,6,23,8,Thursday ,June     ,false
2017-06-09,2017,2,6,23,9,Friday   ,June     ,false
2017-06-10,2017,2,6,23,10,Saturday ,June     ,true
2017-06-11,2017,2,6,23,11,Sunday   ,June     ,true
2017-06-12,2017,2,6,24,12,Monday   ,June     ,false
2017-06-13,2017,2,6,24,13,Tuesday  ,June     ,false
2017-06-14,2017,2,6,24,14,Wednesday,June     ,false
2017-06-15,2017,2,6,24,15,Thursday ,June     ,false
2017-06-16,2017,2,6,24,16,Friday   ,June     ,false
2017-06-17,2017,2,6,24,17,Saturday ,June     ,true
2017-06-18,2017,2,6,24,18,Sunday   ,June     ,true
2017-06-19,2017,2,6,25,19,Monday   ,June     ,false
2017-06-20,2017,2,6,25,20,Tuesday  ,June     ,false
2017-06-21,2017,2,6,25,21,Wednesday,June     ,false
2017-06-22,2017,2,6,25,22,Thursday ,June     ,false
2017-06-23,2017,2,6,25,23,Friday   ,June     ,false
2017-06-24,2017,2,6,25,24,Saturday ,June     ,true
2017-06-25,2017,2,6,25,25,Sunday   ,June     ,true
2017-06-26,2017,2,6,26,26,Monday   ,June     ,false
2017-06-27,2017,2,6,26,27,Tuesday  ,June     ,false
2017-06-28,2017,2,6,26,28,Wednesday,June     ,false
2017-06-29,2017,2,6,26,29,Thursday ,June     ,false
2017-06-30,2017,2,6,26,30,Friday   ,June     ,false
2017-07-01,2017,3,7,26,1,Saturday ,July     ,true
2017-07-02,2017,3,7,26,2,Sunday   ,July     ,true
2017-07-03,2017,3,7,27,3,Monday   ,July     ,false
2017-07-04,2017,3,7,27,4,Tuesday  ,July     ,false
2017-07-05,2017,3,7,27,5,Wednesday,July     ,false
2017-07-06,2017,3,7,27,6,Thursday ,July     ,false
2017-07-07,2017,3,7,27,7,Friday   ,July     ,false
2017-07-08,2017,3,7,27,8,Saturday ,July     ,true
2017-07-09,2017,3,7,27,9,Sunday   ,July     ,true
2017-07-10,2017,3,7,28,10,Monday   ,July     ,false
2017-07-11,2017,3,7,28,11,Tuesday  ,July     ,false
2017-07-12,2017,3,7,28,12,Wednesday,July     ,false
2017-07-13,2017,3,7,28,13,Thursday ,July     ,false
2017-07-14,2017,3,7,28,14,Friday   ,July     ,false
2017-07-15,2017,3,7,28,15,Saturday ,July     ,true
2017-07-16,2017,3,7,28,16,Sunday   ,July     ,true
2017-07-17,2017,3,7,29,17,Monday   ,July     ,false
2017-07-18,2017,3,7,29,18,Tuesday  ,July     ,false
2017-07-19,2017,3,7,29,19,Wednesday,July     ,false
2017-07-20,2017,3,7,29,20,Thursday ,July     ,false
2017-07-21,2017,3,7,29,21,Friday   ,July     ,false
2017-07-22,2017,3,7,29,22,Saturday ,July     ,true
2017-07-23,2017,3,7,29,23,Sunday   ,July     ,true
2017-07-24,2017,3,7,30,24,Monday   ,July     ,false
2017-07-25,2017,3,7,30,25,Tuesday  ,July     ,false
2017-07-26,2017,3,7,30,26,Wednesday,July     ,false
2017-07-27,2017,3,7,30,27,Thursday ,July     ,false
2017-07-28,2017,3,7,30,28,Friday   ,July     ,false
2017-07-29,2017,3,7,30,29,Saturday ,July     ,true
2017-07-30,2017,3,7,30,30,Sunday   ,July     ,true
2017-07-31,2017,3,7,31,31,Monday   ,July     ,false
2017-08-01,2017,3,8,31,1,Tuesday  ,August   ,false
2017-08-02,2017,3,8,31,2,Wednesday,August   ,false
2017-08-03,2017,3,8,31,3,Thursday ,August   ,false
2017-08-04,2017,3,8,31,4,Friday   ,August   ,false
2017-08-05,2017,3,8,31,5,Saturday ,August   ,true
2017-08-06,2017,3,8,31,6,Sunday   ,August   ,true
2017-08-07,2017,3,8,32,7,Monday   ,August   ,false
2017-08-08,2017,3,8,32,8,Tuesday  ,August   ,false
2017-08-09,2017,3,8,32,9,Wednesday,August   ,false
2017-08-10,2017,3,8,32,10,Thursday ,August   ,false
2017-08-11,2017,3,8,32,11,Friday   ,August   ,false
2017-08-12,2017,3,8,32,12,Saturday ,August   ,true
2017-08-13,2017,3,8,32,13,Sunday   ,August   ,true
2017-08-14,2017,3,8,33,14,Monday   ,August   ,false
2017-08-15,2017,3,8,33,15,Tuesday  ,August   ,false
2017-08-16,2017,3,8,33,16,Wednesday,August   ,false
2017-08-17,2017,3,8,33,17,Thursday ,August   ,false
2017-08-18,2017,3,8,33,18,Friday   ,August   ,false
2017-08-19,2017,3,8,33,19,Saturday ,August   ,true
2017-08-20,2017,3,8,33,20,Sunday   ,August   ,true
2017-08-21,2017,3,8,34,21,Monday   ,August   ,false
2017-08-22,2017,3,8,34,22,Tuesday  ,August   ,false
2017-08-23,2017,3,8,34,23,Wednesday,August   ,false
2017-08-24,2017,3,8,34,24,Thursday ,August   ,false
2017-08-25,2017,3,8,34,25,Friday   ,August   ,false
2017-08-26,2017,3,8,34,26,Saturday ,August   ,true
2017-08-27,2017,3,8,34,27,Sunday   ,August   ,true
2017-08-28,2017,3,8,35,28,Monday   ,August   ,false
2017-08-29,2017,3,8,35,29,Tuesday  ,August   ,false
2017-08-30,2017,3,8,35,30,Wednesday,August   ,false
2017-08-31,2017,3,8,35,31,Thursday ,August   ,false
2017-09-01,2017,3,9,35,1,Friday   ,September,false
2017-09-02,2017,3,9,35,2,Saturday ,September,true
2017-09-03,2017,3,9,35,3,Sunday   ,September,true
2017-09-04,2017,3,9,36,4,Monday   ,September,false
2017-09-05,2017,3,9,36,5,Tuesday  ,September,false
2017-09-06,2017,3,9,36,6,Wednesday,September,false
2017-09-07,2017,3,9,36,7,Thursday ,September,false
2017-09-08,2017,3,9,36,8,Friday   ,September,false
2017-09-09,2017,3,9,36,9,Saturday ,September,true
2017-09-10,2017,3,9,36,10,Sunday   ,September,true
2017-09-11,2017,3,9,37,11,Monday   ,September,false
2017-09-12,2017,3,9,37,12,Tuesday  ,September,false
2017-09-13,2017,3,9,37,13,Wednesday,September,false
2017-09-14,2017,3,9,37,14,Thursday ,September,false
2017-09-15,2017,3,9,37,15,Friday   ,September,false
2017-09-16,2017,3,9,37,16,Saturday ,September,true
2017-09-17,2017,3,9,37,17,Sunday   ,September,true
2017-09-18,2017,3,9,38,18,Monday   ,September,false
2017-09-19,2017,3,9,38,19,Tuesday  ,September,false
2017-09-20,2017,3,9,38,20,Wednesday,September,false
2017-09-21,2017,3,9,38,21,Thursday ,September,false
2017-09-22,2017,3,9,38,22,Friday   ,September,false
2017-09-23,2017,3,9,38,23,Saturday ,September,true
2017-09-24,2017,3,9,38,24,Sunday   ,September,true
2017-09-25,2017,3,9,39,25,Monday   ,September,false
2017-09-26,2017,3,9,39,26,Tuesday  ,September,false
2017-09-27,2017,3,9,39,27,Wednesday,September,false
2017-09-28,2017,3,9,39,28,Thursday ,September,false
2017-09-29,2017,3,9,39,29,Friday   ,September,false
2017-09-30,2017,3,9,39,30,Saturday ,September,true
2017-10-01,2017,4,10,39,1,Sunday   ,October  ,true
2017-10-02,2017,4,10,40,2,Monday   ,October  ,false
2017-10-03,2017,4,10,40,3,Tuesday  ,October  ,false
2017-10-04,2017,4,10,40,4,Wednesday,October  ,false
2017-10-05,2017,4,10,40,5,Thursday ,October  ,false
2017-10-06,2017,4,10,40,6,Friday   ,October  ,false
2017-10-07,2017,4,10,40,7,Saturday ,October  ,true
2017-10-08,2017,4,10,40,8,Sunday   ,October  ,true
2017-10-09,2017,4,10,41,9,Monday   ,October  ,false
2017-10-10,2017,4,10,41,10,Tuesday  ,October  ,false
2017-10-11,2017,4,10,41,11,Wednesday,October  ,false
2017-10-12,2017,4,10,41,12,Thursday ,October  ,false
2017-10-13,2017,4,10,41,13,Friday   ,October  ,false
2017-10-14,2017,4,10,41,14,Saturday ,October  ,true
2017-10-15,2017,4,10,41,15,Sunday   ,October  ,true
2017-10-16,2017,4,10,42,16,Monday   ,October  ,false
2017-10-17,2017,4,10,42,17,Tuesday  ,October  ,false
2017-10-18,2017,4,10,42,18,Wednesday,October  ,false
2017-10-19,2017,4,10,42,19,Thursday ,October  ,false
2017-10-20,2017,4,10,42,20,Friday   ,October  ,false
2017-10-21,2017,4,10,42,21,Saturday ,October  ,true
2017-10-22,2017,4,10,42,22,Sunday   ,October  ,true
2017-10-23,2017,4,10,43,23,Monday   ,October  ,false
2017-10-24,2017,4,10,43,24,Tuesday  ,October  ,false
2017-10-25,2017,4,10,43,25,Wednesday,October  ,false
2017-10-26,2017,4,10,43,26,Thursday ,October  ,false
2017-10-27,2017,4,10,43,27,Friday   ,October  ,false
2017-10-28,2017,4,10,43,28,Saturday ,October  ,true
2017-10-29,2017,4,10,43,29,Sunday   ,October  ,true
2017-10-30,2017,4,10,44,30,Monday   ,October  ,false
2017-10-31,2017,4,10,44,31,Tuesday  ,October  ,false
2017-11-01,2017,4,11,44,1,Wednesday,November ,false
2017-11-02,2017,4,11,44,2,Thursday ,November ,false
2017-11-03,2017,4,11,44,3,Friday   ,November ,false
2017-11-04,2017,4,11,44,4,Saturday ,November ,true
2017-11-05,2017,4,11,44,5,Sunday   ,November ,true
2017-11-06,2017,4,11,45,6,Monday   ,November ,false
2017-11-07,2017,4,11,45,7,Tuesday  ,November ,false
2017-11-08,2017,4,11,45,8,Wednesday,November ,false
2017-11-09,2017,4,11,45,9,Thursday ,November ,false
2017-11-10,2017,4,11,45,10,Friday   ,November ,false
2017-11-11,2017,4,11,45,11,Saturday ,November ,true
2017-11-12,2017,4,11,45,12,Sunday   ,November ,true
2017-11-13,2017,4,11,46,13,Monday   ,November ,false
2017-11-14,2017,4,11,46,14,Tuesday  ,November ,false
2017-11-15,2017,4,11,46,15,Wednesday,November ,false
2017-11-16,2017,4,11,46,16,Thursday ,November ,false
2017-11-17,2017,4,11,46,17,Friday   ,November ,false
2017-11-18,2017,4,11,46,18,Saturday ,November ,true
2017-11-19,2017,4,11,46,19,Sunday   ,November ,true
2017-11-20,2017,4,11,47,20,Monday   ,November ,false
2017-11-21,2017,4,11,47,21,Tuesday  ,November ,false
2017-11-22,2017,4,11,47,22,Wednesday,November ,false
2017-11-23,2017,4,11,47,23,Thursday ,November ,false
2017-11-24,2017,4,11,47,24,Friday   ,November ,false
2017-11-25,2017,4,11,47,25,Saturday ,November ,true
2017-11-26,2017,4,11,47,26,Sunday   ,November ,true
2017-11-27,2017,4,11,48,27,Monday   ,November ,false
2017-11-28,2017,4,11,48,28,Tuesday  ,November ,false
2017-11-29,2017,4,11,48,29,Wednesday,November ,false
2017-11-30,2017,4,11,48,30,Thursday ,November ,false
2017-12-01,2017,4,12,48,1,Friday   ,December ,false
2017-12-02,2017,4,12,48,2,Saturday ,December ,true
2017-12-03,2017,4,12,48,3,Sunday   ,December ,true
2017-12-04,2017,4,12,49,4,Monday   ,December ,false
2017-12-05,2017,4,12,49,5,Tuesday  ,December ,false
2017-12-06,2017,4,12,49,6,Wednesday,December ,false
2017-12-07,2017,4,12,49,7,Thursday ,December ,false
2017-12-08,2017,4,12,49,8,Friday   ,December ,false
2017-12-09,2017,4,12,49,9,Saturday ,December ,true
2017-12-10,2017,4,12,49,10,Sunday   ,December ,true
2017-12-11,2017,4,12,50,11,Monday   ,December ,false
2017-12-12,2017,4,12,50,12,Tuesday  ,December ,false
2017-12-13,2017,4,12,50,13,Wednesday,December ,false
2017-12-14,2017,4,12,50,14,Thursday ,December ,false
2017-12-15,2017,4,12,50,15,Friday   ,December ,false
2017-12-16,2017,4,12,50,16,Saturday ,December ,true
2017-12-17,2017,4,12,50,17,Sunday   ,December ,true
2017-12-18,2017,4,12,51,18,Monday   ,December ,false
2017-12-19,2017,4,12,51,19,Tuesday  ,December ,false
2017-12-20,2017,4,12,51,20,Wednesday,December ,false
2017-12-21,2017,4,12,51,21,Thursday ,December ,false
2017-12-22,2017,4,12,51,22,Friday   ,December ,false
2017-12-23,2017,4,12,51,23,Saturday ,December ,true
2017-12-24,2017,4,12,51,24,Sunday   ,December ,true
2017-12-25,2017,4,12,52,25,Monday   ,December ,false
2017-12-26,2017,4,12,52,26,Tuesday  ,December ,false
2017-12-27,2017,4,12,52,27,Wednesday,December ,false
2017-12-28,2017,4,12,52,28,Thursday ,December ,false
2017-12-29,2017,4,12,52,29,Friday   ,December ,false
2017-12-30,2017,4,12,52,30,Saturday ,December ,true
2017-12-31,2017,4,12,52,31,Sunday   ,December ,true
2018-01-01,2018,1,1,1,1,Monday   ,January  ,false
2018-01-02,2018,1,1,1,2,Tuesday  ,January  ,false
2018-01-03,2018,1,1,1,3,Wednesday,January  ,false
2018-01-04,2018,1,1,1,4,Thursday ,January  ,false
2018-01-05,2018,1,1,1,5,Friday   ,January  ,false
2018-01-06,2018,1,1,1,6,Saturday ,January  ,true
2018-01-07,2018,1,1,1,7,Sunday   ,January  ,true
2018-01-08,2018,1,1,2,8,Monday   ,January  ,false
2018-01-09,2018,1,1,2,9,Tuesday  ,January  ,false
2018-01-10,2018,1,1,2,10,Wednesday,January  ,false
2018-01-11,2018,1,1,2,11,Thursday ,January  ,false
2018-01-12,2018,1,1,2,12,Friday   ,January  ,false
2018-01-13,2018,1,1,2,13,Saturday ,January  ,true
2018-01-14,2018,1,1,2,14,Sunday   ,January  ,true
2018-01-15,2018,1,1,3,15,Monday   ,January  ,false
2018-01-16,2018,1,1,3,16,Tuesday  ,January  ,false
2018-01-17,2018,1,1,3,17,Wednesday,January  ,false
2018-01-18,2018,1,1,3,18,Thursday ,January  ,false
2018-01-19,2018,1,1,3,19,Friday   ,January  ,false
2018-01-20,2018,1,1,3,20,Saturday ,January  ,true
2018-01-21,2018,1,1,3,21,Sunday   ,January  ,true
2018-01-22,2018,1,1,4,22,Monday   ,January  ,false
2018-01-23,2018,1,1,4,23,Tuesday  ,January  ,false
2018-01-24,2018,1,1,4,24,Wednesday,January  ,false
2018-01-25,2018,1,1,4,25,Thursday ,January  ,false
2018-01-26,2018,1,1,4,26,Friday   ,January  ,false
2018-01-27,2018,1,1,4,27,Saturday ,January  ,true
2018-01-28,2018,1,1,4,28,Sunday   ,January  ,true
2018-01-29,2018,1,1,5,29,Monday   ,January  ,false
2018-01-30,2018,1,1,5,30,Tuesday  ,January  ,false
2018-01-31,2018,1,1,5,31,Wednesday,January  ,false
2018-02-01,2018,1,2,5,1,Thursday ,February ,false
2018-02-02,2018,1,2,5,2,Friday   ,February ,false
2018-02-03,2018,1,2,5,3,Saturday ,February ,true
2018-02-04,2018,1,2,5,4,Sunday   ,February ,true
2018-02-05,2018,1,2,6,5,Monday   ,February ,false
2018-02-06,2018,1,2,6,6,Tuesday  ,February ,false
2018-02-07,2018,1,2,6,7,Wednesday,February ,false
2018-02-08,2018,1,2,6,8,Thursday ,February ,false
2018-02-09,2018,1,2,6,9,Friday   ,February ,false
2018-02-10,2018,1,2,6,10,Saturday ,February ,true
2018-02-11,2018,1,2,6,11,Sunday   ,February ,true
2018-02-12,2018,1,2,7,12,Monday   ,February ,false
2018-02-13,2018,1,2,7,13,Tuesday  ,February ,false
2018-02-14,2018,1,2,7,14,Wednesday,February ,false
2018-02-15,2018,1,2,7,15,Thursday ,February ,false
2018-02-16,2018,1,2,7,16,Friday   ,February ,false
2018-02-17,2018,1,2,7,17,Saturday ,February ,true
2018-02-18,2018,1,2,7,18,Sunday   ,February ,true
2018-02-19,2018,1,2,8,19,Monday   ,February ,false
2018-02-20,2018,1,2,8,20,Tuesday  ,February ,false
2018-02-21,2018,1,2,8,21,Wednesday,February ,false
2018-02-22,2018,1,2,8,22,Thursday ,February ,false
2018-02-23,2018,1,2,8,23,Friday   ,February ,false
2018-02-24,2018,1,2,8,24,Saturday ,February ,true
2018-02-25,2018,1,2,8,25,Sunday   ,February ,true
2018-02-26,2018,1,2,9,26,Monday   ,February ,false
2018-02-27,2018,1,2,9,27,Tuesday  ,February ,false
2018-02-28,2018,1,2,9,28,Wednesday,February ,false
2018-03-01,2018,1,3,9,1,Thursday ,March    ,false
2018-03-02,2018,1,3,9,2,Friday   ,March    ,false
2018-03-03,2018,1,3,9,3,Saturday ,March    ,true
2018-03-04,2018,1,3,9,4,Sunday   ,March    ,true
2018-03-05,2018,1,3,10,5,Monday   ,March    ,false
2018-03-06,2018,1,3,10,6,Tuesday  ,March    ,false
2018-03-07,2018,1,3,10,7,Wednesday,March    ,false
2018-03-08,2018,1,3,10,8,Thursday ,March    ,false
2018-03-09,2018,1,3,10,9,Friday   ,March    ,false
2018-03-10,2018,1,3,10,10,Saturday ,March    ,true
2018-03-11,2018,1,3,10,11,Sunday   ,March    ,true
2018-03-12,2018,1,3,11,12,Monday   ,March    ,false
2018-03-13,2018,1,3,11,13,Tuesday  ,March    ,false
2018-03-14,2018,1,3,11,14,Wednesday,March    ,false
2018-03-15,2018,1,3,11,15,Thursday ,March    ,false
2018-03-16,2018,1,3,11,16,Friday   ,March    ,false
2018-03-17,2018,1,3,11,17,Saturday ,March    ,true
2018-03-18,2018,1,3,11,18,Sunday   ,March    ,true
2018-03-19,2018,1,3,12,19,Monday   ,March    ,false
2018-03-20,2018,1,3,12,20,Tuesday  ,March    ,false
2018-03-21,2018,1,3,12,21,Wednesday,March    ,false
2018-03-22,2018,1,3,12,22,Thursday ,March    ,false
2018-03-23,2018,1,3,12,23,Friday   ,March    ,false
2018-03-24,2018,1,3,12,24,Saturday ,March    ,true
2018-03-25,2018,1,3,12,25,Sunday   ,March    ,true
2018-03-26,2018,1,3,13,26,Monday   ,March    ,false
2018-03-27,2018,1,3,13,27,Tuesday  ,March    ,false
2018-03-28,2018,1,3,13,28,Wednesday,March    ,false
2018-03-29,2018,1,3,13,29,Thursday ,March    ,false
2018-03-30,2018,1,3,13,30,Friday   ,March    ,false
2018-03-31,2018,1,3,13,31,Saturday ,March    ,true
2018-04-01,2018,2,4,13,1,Sunday   ,April    ,true
2018-04-02,2018,2,4,14,2,Monday   ,April    ,false
2018-04-03,2018,2,4,14,3,Tuesday  ,April    ,false
2018-04-04,2018,2,4,14,4,Wednesday,April    ,false
2018-04-05,2018,2,4,14,5,Thursday ,April    ,false
2018-04-06,2018,2,4,14,6,Friday   ,April    ,false
2018-04-07,2018,2,4,14,7,Saturday ,April    ,true
2018-04-08,2018,2,4,14,8,Sunday   ,April    ,true
2018-04-09,2018,2,4,15,9,Monday   ,April    ,false
2018-04-10,2018,2,4,15,10,Tuesday  ,April    ,false
2018-04-11,2018,2,4,15,11,Wednesday,April    ,false
2018-04-12,2018,2,4,15,12,Thursday ,April    ,false
2018-04-13,2018,2,4,15,13,Friday   ,April    ,false
2018-04-14,2018,2,4,15,14,Saturday ,April    ,true
2018-04-15,2018,2,4,15,15,Sunday   ,April    ,true
2018-04-16,2018,2,4,16,16,Monday   ,April    ,false
2018-04-17,2018,2,4,16,17,Tuesday  ,April    ,false
2018-04-18,2018,2,4,16,18,Wednesday,April    ,false
2018-04-19,2018,2,4,16,19,Thursday ,April    ,false
2018-04-20,2018,2,4,16,20,Friday   ,April    ,false
2018-04-21,2018,2,4,16,21,Saturday ,April    ,true
2018-04-22,2018,2,4,16,22,Sunday   ,April    ,true
2018-04-23,2018,2,4,17,23,Monday   ,April    ,false
2018-04-24,2018,2,4,17,24,Tuesday  ,April    ,false
2018-04-25,2018,2,4,17,25,Wednesday,April    ,false
2018-04-26,2018,2,4,17,26,Thursday ,April    ,false
2018-04-27,2018,2,4,17,27,Friday   ,April    ,false
2018-04-28,2018,2,4,17,28,Saturday ,April    ,true
2018-04-29,2018,2,4,17,29,Sunday   ,April    ,true
2018-04-30,2018,2,4,18,30,Monday   ,April    ,false
2018-05-01,2018,2,5,18,1,Tuesday  ,May      ,false
2018-05-02,2018,2,5,18,2,Wednesday,May      ,false
2018-05-03,2018,2,5,18,3,Thursday ,May      ,false
2018-05-04,2018,2,5,18,4,Friday   ,May      ,false
2018-05-05,2018,2,5,18,5,Saturday ,May      ,true
2018-05-06,2018,2,5,18,6,Sunday   ,May      ,true
2018-05-07,2018,2,5,19,7,Monday   ,May      ,false
2018-05-08,2018,2,5,19,8,Tuesday  ,May      ,false
2018-05-09,2018,2,5,19,9,Wednesday,May      ,false
2018-05-10,2018,2,5,19,10,Thursday ,May      ,false
2018-05-11,2018,2,5,19,11,Friday   ,May      ,false
2018-05-12,2018,2,5,19,12,Saturday ,May      ,true
2018-05-13,2018,2,5,19,13,Sunday   ,May      ,true
2018-05-14,2018,2,5,20,14,Monday   ,May      ,false
2018-05-15,2018,2,5,20,15,Tuesday  ,May      ,false
2018-05-16,2018,2,5,20,16,Wednesday,May      ,false
2018-05-17,2018,2,5,20,17,Thursday ,May      ,false
2018-05-18,2018,2,5,20,18,Friday   ,May      ,false
2018-05-19,2018,2,5,20,19,Saturday ,May      ,true
2018-05-20,2018,2,5,20,20,Sunday   ,May      ,true
2018-05-21,2018,2,5,21,21,Monday   ,May      ,false
2018-05-22,2018,2,5,21,22,Tuesday  ,May      ,false
2018-05-23,2018,2,5,21,23,Wednesday,May      ,false
2018-05-24,2018,2,5,21,24,Thursday ,May      ,false
2018-05-25,2018,2,5,21,25,Friday   ,May      ,false
2018-05-26,2018,2,5,21,26,Saturday ,May      ,true
2018-05-27,2018,2,5,21,27,Sunday   ,May      ,true
2018-05-28,2018,2,5,22,28,Monday   ,May      ,false
2018-05-29,2018,2,5,22,29,Tuesday  ,May      ,false
2018-05-30,2018,2,5,22,30,Wednesday,May      ,false
2018-05-31,2018,2,5,22,31,Thursday ,May      ,false
2018-06-01,2018,2,6,22,1,Friday   ,June     ,false
2018-06-02,2018,2,6,22,2,Saturday ,June     ,true
2018-06-03,2018,2,6,22,3,Sunday   ,June     ,true
2018-06-04,2018,2,6,23,4,Monday   ,June     ,false
2018-06-05,2018,2,6,23,5,Tuesday  ,June     ,false
2018-06-06,2018,2,6,23,6,Wednesday,June     ,false
2018-06-07,2018,2,6,23,7,Thursday ,June     ,false
2018-06-08,2018,2,6,23,8,Friday   ,June     ,false
2018-06-09,2018,2,6,23,9,Saturday ,June     ,true
2018-06-10,2018,2,6,23,10,Sunday   ,June     ,true
2018-06-11,2018,2,6,24,11,Monday   ,June     ,false
2018-06-12,2018,2,6,24,12,Tuesday  ,June     ,false
2018-06-13,2018,2,6,24,13,Wednesday,June     ,false
2018-06-14,2018,2,6,24,14,Thursday ,June     ,false
2018-06-15,2018,2,6,24,15,Friday   ,June     ,false
2018-06-16,2018,2,6,24,16,Saturday ,June     ,true
2018-06-17,2018,2,6,24,17,Sunday   ,June     ,true
2018-06-18,2018,2,6,25,18,Monday   ,June     ,false
2018-06-19,2018,2,6,25,19,Tuesday  ,June     ,false
2018-06-20,2018,2,6,25,20,Wednesday,June     ,false
2018-06-21,2018,2,6,25,21,Thursday ,June     ,false
2018-06-22,2018,2,6,25,22,Friday   ,June     ,false
2018-06-23,2018,2,6,25,23,Saturday ,June     ,true
2018-06-24,2018,2,6,25,24,Sunday   ,June     ,true
2018-06-25,2018,2,6,26,25,Monday   ,June     ,false
2018-06-26,2018,2,6,26,26,Tuesday  ,June     ,false
2018-06-27,2018,2,6,26,27,Wednesday,June     ,false
2018-06-28,2018,2,6,26,28,Thursday ,June     ,false
2018-06-29,2018,2,6,26,29,Friday   ,June     ,false
2018-06-30,2018,2,6,26,30,Saturday ,June     ,true
2018-07-01,2018,3,7,26,1,Sunday   ,July     ,true
2018-07-02,2018,3,7,27,2,Monday   ,July     ,false
2018-07-03,2018,3,7,27,3,Tuesday  ,July     ,false
2018-07-04,2018,3,7,27,4,Wednesday,July     ,false
2018-07-05,2018,3,7,27,5,Thursday ,July     ,false
2018-07-06,2018,3,7,27,6,Friday   ,July     ,false
2018-07-07,2018,3,7,27,7,Saturday ,July     ,true
2018-07-08,2018,3,7,27,8,Sunday   ,July     ,true
2018-07-09,2018,3,7,28,9,Monday   ,July     ,false
2018-07-10,2018,3,7,28,10,Tuesday  ,July     ,false
2018-07-11,2018,3,7,28,11,Wednesday,July     ,false
2018-07-12,2018,3,7,28,12,Thursday ,July     ,false
2018-07-13,2018,3,7,28,13,Friday   ,July     ,false
2018-07-14,2018,3,7,28,14,Saturday ,July     ,true
2018-07-15,2018,3,7,28,15,Sunday   ,July     ,true
2018-07-16,2018,3,7,29,16,Monday   ,July     ,false
2018-07-17,2018,3,7,29,17,Tuesday  ,July     ,false
2018-07-18,2018,3,7,29,18,Wednesday,July     ,false
2018-07-19,2018,3,7,29,19,Thursday ,July     ,false
2018-07-20,2018,3,7,29,20,Friday   ,July     ,false
2018-07-21,2018,3,7,29,21,Saturday ,July     ,true
2018-07-22,2018,3,7,29,22,Sunday   ,July     ,true
2018-07-23,2018,3,7,30,23,Monday   ,July     ,false
2018-07-24,2018,3,7,30,24,Tuesday  ,July     ,false
2018-07-25,2018,3,7,30,25,Wednesday,July     ,false
2018-07-26,2018,3,7,30,26,Thursday ,July     ,false
2018-07-27,2018,3,7,30,27,Friday   ,July     ,false
2018-07-28,2018,3,7,30,28,Saturday ,July     ,true
2018-07-29,2018,3,7,30,29,Sunday   ,July     ,true
2018-07-30,2018,3,7,31,30,Monday   ,July     ,false
2018-07-31,2018,3,7,31,31,Tuesday  ,July     ,false
2018-08-01,2018,3,8,31,1,Wednesday,August   ,false
2018-08-02,2018,3,8,31,2,Thursday ,August   ,false
2018-08-03,2018,3,8,31,3,Friday   ,August   ,false
2018-08-04,2018,3,8,31,4,Saturday ,August   ,true
2018-08-05,2018,3,8,31,5,Sunday   ,August   ,true
2018-08-06,2018,3,8,32,6,Monday   ,August   ,false
2018-08-07,2018,3,8,32,7,Tuesday  ,August   ,false
2018-08-08,2018,3,8,32,8,Wednesday,August   ,false
2018-08-09,2018,3,8,32,9,Thursday ,August   ,false
2018-08-10,2018,3,8,32,10,Friday   ,August   ,false
2018-08-11,2018,3,8,32,11,Saturday ,August   ,true
2018-08-12,2018,3,8,32,12,Sunday   ,August   ,true
2018-08-13,2018,3,8,33,13,Monday   ,August   ,false
2018-08-14,2018,3,8,33,14,Tuesday  ,August   ,false
2018-08-15,2018,3,8,33,15,Wednesday,August   ,false
2018-08-16,2018,3,8,33,16,Thursday ,August   ,false
2018-08-17,2018,3,8,33,17,Friday   ,August   ,false
2018-08-18,2018,3,8,33,18,Saturday ,August   ,true
2018-08-19,2018,3,8,33,19,Sunday   ,August   ,true
2018-08-20,2018,3,8,34,20,Monday   ,August   ,false
2018-08-21,2018,3,8,34,21,Tuesday  ,August   ,false
2018-08-22,2018,3,8,34,22,Wednesday,August   ,false
2018-08-23,2018,3,8,34,23,Thursday ,August   ,false
2018-08-24,2018,3,8,34,24,Friday   ,August   ,false
2018-08-25,2018,3,8,34,25,Saturday ,August   ,true
2018-08-26,2018,3,8,34,26,Sunday   ,August   ,true
2018-08-27,2018,3,8,35,27,Monday   ,August   ,false
2018-08-28,2018,3,8,35,28,Tuesday  ,August   ,false
2018-08-29,2018,3,8,35,29,Wednesday,August   ,false
2018-08-30,2018,3,8,35,30,Thursday ,August   ,false
2018-08-31,2018,3,8,35,31,Friday   ,August   ,false
2018-09-01,2018,3,9,35,1,Saturday ,September,true
2018-09-02,2018,3,9,35,2,Sunday   ,September,true
2018-09-03,2018,3,9,36,3,Monday   ,September,false
2018-09-04,2018,3,9,36,4,Tuesday  ,September,false
2018-09-05,2018,3,9,36,5,Wednesday,September,false
2018-09-06,2018,3,9,36,6,Thursday ,September,false
2018-09-07,2018,3,9,36,7,Friday   ,September,false
2018-09-08,2018,3,9,36,8,Saturday ,September,true
2018-09-09,2018,3,9,36,9,Sunday   ,September,true
2018-09-10,2018,3,9,37,10,Monday   ,September,false
2018-09-11,2018,3,9,37,11,Tuesday  ,September,false
2018-09-12,2018,3,9,37,12,Wednesday,September,false
2018-09-13,2018,3,9,37,13,Thursday ,September,false
2018-09-14,2018,3,9,37,14,Friday   ,September,false
2018-09-15,2018,3,9,37,15,Saturday ,September,true
2018-09-16,2018,3,9,37,16,Sunday   ,September,true
2018-09-17,2018,3,9,38,17,Monday   ,September,false
2018-09-18,2018,3,9,38,18,Tuesday  ,September,false
2018-09-19,2018,3,9,38,19,Wednesday,September,false
2018-09-20,2018,3,9,38,20,Thursday ,September,false
2018-09-21,2018,3,9,38,21,Friday   ,September,false
2018-09-22,2018,3,9,38,22,Saturday ,September,true
2018-09-23,2018,3,9,38,23,Sunday   ,September,true
2018-09-24,2018,3,9,39,24,Monday   ,September,false
2018-09-25,2018,3,9,39,25,Tuesday  ,September,false
2018-09-26,2018,3,9,39,26,Wednesday,September,false
2018-09-27,2018,3,9,39,27,Thursday ,September,false
2018-09-28,2018,3,9,39,28,Friday   ,September,false
2018-09-29,2018,3,9,39,29,Saturday ,September,true
2018-09-30,2018,3,9,39,30,Sunday   ,September,true
2018-10-01,2018,4,10,40,1,Monday   ,October  ,false
2018-10-02,2018,4,10,40,2,Tuesday  ,October  ,false
2018-10-03,2018,4,10,40,3,Wednesday,October  ,false
2018-10-04,2018,4,10,40,4,Thursday ,October  ,false
2018-10-05,2018,4,10,40,5,Friday   ,October  ,false
2018-10-06,2018,4,10,40,6,Saturday ,October  ,true
2018-10-07,2018,4,10,40,7,Sunday   ,October  ,true
2018-10-08,2018,4,10,41,8,Monday   ,October  ,false
2018-10-09,2018,4,10,41,9,Tuesday  ,October  ,false
2018-10-10,2018,4,10,41,10,Wednesday,October  ,false
2018-10-11,2018,4,10,41,11,Thursday ,October  ,false
2018-10-12,2018,4,10,41,12,Friday   ,October  ,false
2018-10-13,2018,4,10,41,13,Saturday ,October  ,true
2018-10-14,2018,4,10,41,14,Sunday   ,October  ,true
2018-10-15,2018,4,10,42,15,Monday   ,October  ,false
2018-10-16,2018,4,10,42,16,Tuesday  ,October  ,false
2018-10-17,2018,4,10,42,17,Wednesday,October  ,false
